case_id,sku,product_name,store_id,bay_expected,bay_observed,observed_at,shelf_status,physical_stock_status,system_stock_qty,last_sale_at,order_date,expected_delivery_date,delivered_qty,received_qty,provisional_cause,confirmed_cause,evidence_notes,next_action,owner_role,action_due_at,status,follow_up_at,follow_up_outcome,resolution_notes,created_at
SGR-1001,SKU-DEMO-001,Laundry Powder 1kg,STORE-DEMO-01,A03,Back room,2026-10-08T09:15:00+02:00,empty,back_room,12,2026-10-07T16:20:00+02:00,2026-10-06,2026-10-08,24,24,replenishment_delay,,Product found in back room during physical check.,Replenish shelf and verify placement,Replenishment team,2026-10-08T12:00:00+02:00,awaiting_follow_up,,,,2026-10-08T09:15:00+02:00
SGR-1002,SKU-DEMO-002,Dishwashing Liquid 750ml,STORE-DEMO-01,B02,C01,2026-10-08T10:05:00+02:00,misplaced,elsewhere_in_store,7,2026-10-07T18:00:00+02:00,2026-10-07,2026-10-08,12,12,product_misplacement,,Product observed in a different bay; expected location needs validation.,Verify expected bay and relocate if appropriate,Store associate,2026-10-08T14:00:00+02:00,action_assigned,,,,2026-10-08T10:05:00+02:00
SGR-1003,SKU-DEMO-003,Fabric Conditioner 500ml,STORE-DEMO-02,A01,,2026-10-08T11:30:00+02:00,empty,not_found,15,2026-10-08T08:00:00+02:00,2026-10-07,2026-10-08,10,10,inventory_record_mismatch,,System shows positive stock; physical count did not locate product. Reconciliation pending.,Review recent transactions and count timing,Inventory support,2026-10-09T10:00:00+02:00,triage_in_progress,,,,2026-10-08T11:30:00+02:00
SGR-1004,SKU-DEMO-004,Surface Cleaner 1L,STORE-DEMO-02,C03,,2026-10-08T12:10:00+02:00,empty,unknown,,,,,,,unknown,,Back-room check and order history not yet available.,Complete physical and order checks,Store supervisor,2026-10-09T15:00:00+02:00,new,,,,2026-10-08T12:10:00+02:00
SGR-1005,SKU-DEMO-005,Personal Care Item 200ml,STORE-DEMO-03,D01,,2026-10-07T08:45:00+02:00,empty,not_found,0,2026-10-03T14:00:00+02:00,2026-10-04,2026-10-06,18,10,receiving_discrepancy,,Fictional delivery record shows 18 ordered/delivered but only 10 recorded received; documents need reconciliation.,Compare delivery documents and receiving record,Receiving team,2026-10-08T11:00:00+02:00,escalated,,,,2026-10-07T08:45:00+02:00
SGR-1006,SKU-DEMO-006,Laundry Bar 400g,STORE-DEMO-01,A05,A05,2026-10-06T09:00:00+02:00,empty,back_room,5,2026-10-05T17:00:00+02:00,2026-10-05,2026-10-06,12,12,replenishment_delay,,Follow-up physical check confirmed product returned to expected shelf location.,Replenishment completed; shelf rechecked,Replenishment team,2026-10-06T12:00:00+02:00,resolved_verified,2026-10-06T11:30:00+02:00,resolved,Product present at follow-up check.,,2026-10-06T09:00:00+02:00
SGR-1007,SKU-DEMO-007,Hand Soap 250ml,STORE-DEMO-03,E02,,2026-10-08T14:20:00+02:00,empty,not_found,0,2026-10-05T12:00:00+02:00,2026-10-06,2026-10-07,0,0,order_or_supply_issue,,No physical stock; order and delivery details are fictional and require verification before classification.,Check order and expected delivery history,Store supervisor,2026-10-09T09:00:00+02:00,action_assigned,,,,2026-10-08T14:20:00+02:00
SGR-1008,SKU-DEMO-008,All-Purpose Cleaner 500ml,STORE-DEMO-02,C05,C05,2026-10-06T10:00:00+02:00,empty,back_room,3,2026-10-05T15:00:00+02:00,2026-10-05,2026-10-06,6,6,replenishment_delay,,Corrective action completed and follow-up check found product on shelf.,Replenishment completed and verified,Store associate,2026-10-06T13:00:00+02:00,resolved_verified,2026-10-06T12:45:00+02:00,resolved,Product observed on shelf at follow-up.,,2026-10-06T10:00:00+02:00
SGR-1009,SKU-DEMO-009,Body Lotion 400ml,STORE-DEMO-04,F01,,2026-10-08T15:00:00+02:00,partly_stocked,unknown,,,,,,,unknown,,Insufficient evidence to identify the cause.,"Check shelf, back room and available records",Store associate,2026-10-10T10:00:00+02:00,triage_in_progress,,,,2026-10-08T15:00:00+02:00
SGR-1010,SKU-DEMO-010,Laundry Liquid 1.5L,STORE-DEMO-04,A07,A07,2026-10-07T10:00:00+02:00,empty,not_found,4,2026-10-06T17:00:00+02:00,2026-10-06,2026-10-07,8,8,unknown,,System and delivery information do not yet explain the physical count discrepancy.,"Reconcile sales, transfers, returns and adjustments",Inventory support,2026-10-08T12:00:00+02:00,closed_unresolved,,inconclusive,Demo case closed for this sample; cause remains unconfirmed.,,2026-10-07T10:00:00+02:00
